<!--
    Input:
        device/google/gs-common/wireless_charger/compatibility_matrix.xml
        device/google/gs-common/modem/modem_svc_sit/compatibility_matrix.xml
        device/google/zumapro/device_framework_matrix_product_8.xml
        device/google/gs-common/camera/device_framework_matrix_product.xml
        device/google/gs-common/battery_mitigation/compatibility_matrix.xml
        device/google/gs-common/audio/aidl/device_framework_matrix_product.xml
        device/google/gs-common/pixel_ril/compatibility_matrix.xml
        device/google/gs-common/touch/twoshay/aidl/compatibility_matrix_zuma.xml
        device/google/gs-common/bcmbt/compatibility_matrix.xml
        device/google/caimito/fingerprint/device_framework_matrix_product.xml
        device/google/gs-common/modem/radio_ext/compatibility_matrix.xml
        device/google/gs-common/gril/hidl/1.7/compatibility_matrix.xml
        device/google/gs-common/input/gia/aidl/compatibility_matrix.xml
        vendor/google_devices/gs-common/proprietary/gps/device_framework_matrix_product.xml
        vendor/google_devices/gs-common/proprietary/aam/compatibility_matrix.xml
        vendor/google_devices/gs-common/proprietary/Floodcontrol/hal/device_framework_matrix_product.xml
-->
<compatibility-matrix version="9.0" type="framework" level="8">
    <hal format="aidl">
        <name>android.hardware.biometrics.fingerprint</name>
        <interface>
            <name>IFingerprint</name>
            <instance>default</instance>
        </interface>
    </hal>
    <hal format="aidl">
        <name>android.hardware.boot</name>
    </hal>
    <hal format="aidl">
        <name>android.hardware.gnss</name>
        <version>3</version>
        <interface>
            <name>IGnss</name>
            <instance>vendor</instance>
        </interface>
    </hal>
    <hal format="aidl">
        <name>android.hardware.graphics.composer3</name>
        <version>2</version>
        <interface>
            <name>IComposer</name>
            <instance>default</instance>
        </interface>
    </hal>
    <hal format="hidl">
        <name>android.hardware.radio</name>
        <version>1.2</version>
        <interface>
            <name>ISap</name>
            <instance>slot2</instance>
        </interface>
    </hal>
    <hal format="aidl">
        <name>android.hardware.vibrator</name>
        <version>2-3</version>
        <interface>
            <name>IVibrator</name>
            <instance>dual</instance>
        </interface>
    </hal>
    <hal format="aidl">
        <name>android.hardware.wifi.hostapd</name>
        <interface>
            <name>IHostapd</name>
            <instance>default</instance>
        </interface>
    </hal>
    <hal format="hidl">
        <name>android.vendor.samsung_slsi.telephony.hardware.radio</name>
        <version>1.1</version>
        <interface>
            <name>IOemSamsungslsi</name>
            <instance>slot1</instance>
            <instance>slot2</instance>
        </interface>
    </hal>
    <hal format="hidl">
        <name>com.fingerprints33.extension</name>
        <version>1.0</version>
        <interface>
            <name>IFingerprintAuthenticator</name>
            <instance>default</instance>
        </interface>
        <interface>
            <name>IFingerprintCalibration</name>
            <instance>default</instance>
        </interface>
        <interface>
            <name>IFingerprintEngineering</name>
            <instance>default</instance>
        </interface>
        <interface>
            <name>IFingerprintNavigation</name>
            <instance>default</instance>
        </interface>
        <interface>
            <name>IFingerprintRecalibration</name>
            <instance>default</instance>
        </interface>
        <interface>
            <name>IFingerprintSenseTouch</name>
            <instance>default</instance>
        </interface>
        <interface>
            <name>IFingerprintSensorTest</name>
            <instance>default</instance>
        </interface>
    </hal>
    <hal format="aidl">
        <name>com.google.edgetpu</name>
        <version>2</version>
        <interface>
            <name>IEdgeTpuVendorService</name>
            <instance>default</instance>
        </interface>
    </hal>
    <hal format="aidl">
        <name>com.google.edgetpu.dba</name>
        <interface>
            <name>IDevice</name>
            <instance>default</instance>
        </interface>
    </hal>
    <hal format="aidl" updatable-via-apex="true">
        <name>com.google.face.debug</name>
        <version>3-4</version>
        <interface>
            <name>IDebugHost</name>
            <instance>default</instance>
        </interface>
        <interface>
            <name>IDebugManager</name>
            <instance>default</instance>
        </interface>
    </hal>
    <hal format="aidl">
        <name>com.google.flood</name>
        <version>2</version>
        <interface>
            <name>IFloodService</name>
            <instance>default</instance>
        </interface>
    </hal>
    <hal format="aidl">
        <name>com.google.hardware.biometrics.fingerprint.debug</name>
        <interface>
            <name>IFingerprintDebug</name>
            <instance>default</instance>
        </interface>
    </hal>
    <hal format="aidl">
        <name>com.google.hardware.pixel.display</name>
        <version>16</version>
        <interface>
            <name>IDisplay</name>
            <instance>default</instance>
        </interface>
    </hal>
    <hal format="aidl">
        <name>com.google.input</name>
        <version>2-6</version>
        <interface>
            <name>ITouchContextService</name>
            <instance>default</instance>
        </interface>
    </hal>
    <hal format="aidl">
        <name>com.google.input</name>
        <version>5-6</version>
        <interface>
            <name>ITwoshayNotificationService</name>
            <instance>default</instance>
        </interface>
    </hal>
    <hal format="aidl">
        <name>com.google.input</name>
        <version>6</version>
        <interface>
            <name>ITwoshayFileDumpService</name>
            <instance>touchflow_default</instance>
            <instance>touchflow_outer</instance>
            <instance>twoshay</instance>
        </interface>
    </hal>
    <hal format="aidl">
        <name>com.google.input.algos.gril</name>
        <version>2-6</version>
        <interface>
            <name>IGrilAntennaTuningService</name>
            <instance>default</instance>
        </interface>
    </hal>
    <hal format="aidl">
        <name>com.google.input.algos.spd</name>
        <version>2-6</version>
        <interface>
            <name>IScreenProtectorDetectorService</name>
            <instance>default</instance>
        </interface>
    </hal>
    <hal format="aidl">
        <name>com.google.input.gia.core</name>
        <version>2</version>
        <interface>
            <name>IGiaService</name>
            <instance>default</instance>
        </interface>
    </hal>
    <hal format="aidl">
        <name>com.google.pixel.camera.connectivity.hal.provider</name>
        <interface>
            <name>ICameraProvider</name>
            <instance>default</instance>
        </interface>
    </hal>
    <hal format="aidl">
        <name>com.google.pixel.modem.logmasklibrary</name>
        <interface>
            <name>ILiboemserviceProxy</name>
            <instance>default</instance>
        </interface>
    </hal>
    <hal format="aidl">
        <name>com.google.pixel.shared_modem_platform</name>
        <version>3</version>
        <interface>
            <name>ISharedModemPlatform</name>
            <instance>default</instance>
        </interface>
    </hal>
    <hal format="aidl">
        <name>hardware.google.ril_ext</name>
        <interface>
            <name>IRilExt</name>
            <instance>slot1</instance>
            <instance>slot2</instance>
        </interface>
    </hal>
    <hal format="aidl">
        <name>hardware.qorvo.uwb</name>
        <interface>
            <name>IUwbVendor</name>
            <instance>default</instance>
        </interface>
    </hal>
    <hal format="hidl">
        <name>vendor.goodix.hardware.biometrics.fingerprint</name>
        <version>2.1</version>
        <interface>
            <name>IGoodixFingerprintDaemon</name>
            <instance>default</instance>
        </interface>
    </hal>
    <hal format="aidl">
        <name>vendor.google.aam</name>
        <version>1-3</version>
        <interface>
            <name>IAam</name>
            <instance>default</instance>
        </interface>
    </hal>
    <hal format="aidl">
        <name>vendor.google.battery_mitigation</name>
        <interface>
            <name>IBatteryMitigation</name>
            <instance>default</instance>
        </interface>
    </hal>
    <hal format="aidl">
        <name>vendor.google.bluetooth_ext</name>
        <version>1-3</version>
        <interface>
            <name>IBTChannelAvoidance</name>
            <instance>default</instance>
        </interface>
        <interface>
            <name>IBluetoothCcc</name>
            <instance>default</instance>
        </interface>
        <interface>
            <name>IBluetoothCco</name>
            <instance>default</instance>
        </interface>
        <interface>
            <name>IBluetoothEwp</name>
            <instance>default</instance>
        </interface>
        <interface>
            <name>IBluetoothExt</name>
            <instance>default</instance>
        </interface>
        <interface>
            <name>IBluetoothFinder</name>
            <instance>default</instance>
        </interface>
        <interface>
            <name>IBluetoothSar</name>
            <instance>default</instance>
        </interface>
    </hal>
    <hal format="aidl">
        <name>vendor.google.google_battery</name>
        <version>4</version>
        <interface>
            <name>IGoogleBattery</name>
            <instance>default</instance>
        </interface>
    </hal>
    <hal format="aidl">
        <name>vendor.google.radio_ext</name>
        <interface>
            <name>IRadioExt</name>
            <instance>default</instance>
        </interface>
    </hal>
    <hal format="hidl">
        <name>vendor.google.radioext</name>
        <version>1.7</version>
        <interface>
            <name>IRadioExt</name>
            <instance>default</instance>
        </interface>
    </hal>
    <hal format="aidl">
        <name>vendor.google.whitechapel.audio.extension</name>
        <version>6</version>
        <interface>
            <name>IAudioExtension</name>
            <instance>default</instance>
        </interface>
    </hal>
    <hal format="aidl">
        <name>vendor.google.wifi_ext</name>
        <version>2-4</version>
        <interface>
            <name>IWifiExt</name>
            <instance>default</instance>
        </interface>
    </hal>
    <hal format="aidl">
        <name>vendor.google.wireless_charger</name>
        <version>1-4</version>
        <interface>
            <name>IWirelessCharger</name>
            <instance>default</instance>
        </interface>
    </hal>
    <hal format="aidl">
        <name>vendor.google.wireless_charger.service</name>
        <version>1-2</version>
        <interface>
            <name>IWlcService</name>
            <instance>default</instance>
        </interface>
    </hal>
    <hal format="aidl">
        <name>vendor.qti.hardware.fingerprint</name>
        <interface>
            <name>IQfpExtendedFingerprint</name>
            <instance>default</instance>
        </interface>
    </hal>
    <hal format="aidl">
        <name>vendor.qti.hardware.fingerprint</name>
        <interface>
            <name>IQfpExtendedSession</name>
            <instance>default</instance>
        </interface>
    </hal>
    <hal format="aidl">
        <name>vendor.qti.hardware.fingerprint</name>
        <interface>
            <name>IQfpExtendedSessionCallback</name>
            <instance>default</instance>
        </interface>
    </hal>
    <hal format="hidl">
        <name>vendor.samsung_slsi.telephony.hardware.oemservice</name>
        <version>1.0</version>
        <interface>
            <name>IOemService</name>
            <instance>dm0</instance>
            <instance>dm1</instance>
            <instance>sced0</instance>
        </interface>
    </hal>
    <hal format="aidl">
        <name>vendor.samsung_slsi.telephony.hardware.oemservice</name>
        <interface>
            <name>IOemService</name>
            <instance>dm0</instance>
            <instance>dm1</instance>
            <instance>sced0</instance>
        </interface>
    </hal>
    <hal format="hidl">
        <name>vendor.samsung_slsi.telephony.hardware.radioExternal</name>
        <version>1.1</version>
        <interface>
            <name>IOemSlsiRadioExternal</name>
            <instance>rilExternal</instance>
        </interface>
    </hal>
    <hal format="aidl">
        <name>vendor.samsung_slsi.telephony.hardware.radioExternal</name>
        <interface>
            <name>IOemSlsiRadioExternal</name>
            <instance>default</instance>
        </interface>
    </hal>
</compatibility-matrix>
